{
  "plantConfig0": {
    "capacities": [
      9.593167,
      5.93279743,
      5.69651365,
      6.52261734
    ],
    "uptakeRate": [
      0.382493138,
      0.9756697,
      0.633923531,
      0.584113538
    ],
    "metabolismNeeds": [
      1.138613,
      1.10801589,
      1.018799,
      0.8527068
    ],
    "metabolismFactor": [
      0.22831285,
      0.425946534,
      0.980270863,
      0.08317566
    ],
    "growthConsumptionRateLimit": [
      1.96110082,
      2.50534534,
      1.11736536,
      1.88369966
    ],
    "growthFactor": [
      4.27219057,
      5.71958351,
      7.06372643,
      5.431388
    ],
    "rootHeightTransition": 4.0581007,
    "growthToleranceThreshold": 1.54525018
  },
  "plantConfig1": {
    "capacities": [
      8.200346,
      8.887192,
      6.47062635,
      8.141233
    ],
    "uptakeRate": [
      0.811225653,
      0.405572861,
      0.7334553,
      0.7739601
    ],
    "metabolismNeeds": [
      0.6474364,
      1.42016959,
      0.730544,
      1.44772708
    ],
    "metabolismFactor": [
      0.179047942,
      0.218225837,
      0.73331964,
      0.667881966
    ],
    "growthConsumptionRateLimit": [
      2.68159938,
      1.594066,
      2.14422822,
      2.51345968
    ],
    "growthFactor": [
      5.79741764,
      1.9608103,
      5.291703,
      7.780005
    ],
    "rootHeightTransition": 5.23149347,
    "growthToleranceThreshold": 1.32506764
  },
  "plantConfig2": {
    "capacities": [
      5.901296,
      8.098607,
      7.05039835,
      9.766412
    ],
    "uptakeRate": [
      0.8025604,
      0.5660253,
      0.6061859,
      0.929139
    ],
    "metabolismNeeds": [
      0.9930097,
      1.45394552,
      0.670660138,
      0.9909433
    ],
    "metabolismFactor": [
      0.0209189653,
      0.10937953,
      0.457849681,
      0.0783820152
    ],
    "growthConsumptionRateLimit": [
      2.55566573,
      1.62765014,
      2.07576251,
      1.9748919
    ],
    "growthFactor": [
      0.7141088,
      2.35330915,
      2.425848,
      3.334725
    ],
    "rootHeightTransition": 7.46207,
    "growthToleranceThreshold": 1.61178756
  },
  "_soilConfig0": {
    "capacities": {
      "water": 8.858274,
      "nutrients": [
        6.749008,
        7.66103935,
        8.300365,
        8.309993
      ]
    },
    "drainTime": 4.801025
  },
  "_soilConfig1": {
    "capacities": {
      "water": 5.00389862,
      "nutrients": [
        6.80287933,
        8.2197485,
        6.3579607,
        9.614118
      ]
    },
    "drainTime": 6.84133148
  },
  "_soilConfig2": {
    "capacities": {
      "water": 5.01873446,
      "nutrients": [
        7.91355,
        4.139179,
        7.936965,
        8.684417
      ]
    },
    "drainTime": 2.994626
  },
  "_soilConfig3": {
    "capacities": {
      "water": 1.700232,
      "nutrients": [
        4.867898,
        6.214698,
        8.165967,
        7.727598
      ]
    },
    "drainTime": 6.340106
  }
}